{
	"appId": "io.ionic.starter",
	"appName": "ByCodersTec_desafio_mobile",
	"webDir": "www",
	"bundledWebRuntime": false,
	"cordova": {
		"preferences": {
			"ScrollEnabled": "false",
			"BackupWebStorage": "none",
			"SplashMaintainAspectRatio": "true",
			"FadeSplashScreenDuration": "300",
			"SplashShowOnlyFirstTime": "false",
			"SplashScreen": "screen",
			"SplashScreenDelay": "3000",
			"GOOGLE_MAPS_ANDROID_API_KEY": "AIzaSyBIOYfUhud1mFxqSj1b2Jm3CsYl8ClCU3E",
			"GOOGLE_MAPS_IOS_API_KEY": "AIzaSyBIOYfUhud1mFxqSj1b2Jm3CsYl8ClCU3E"
		}
	}
}
